{
  "tool": "bench_kids_ball_faiss",
  "corpus_path": "/tmp/kids_corpus_10k.bin",
  "note": "Cosine-only vector search; compare latency to MARS sweep JSON; episode_hit uses search_k-wide neighbors; not BFS-expanded.",
  "search_k": 96,
  "configurations": [
    {
      "method": "faiss_flat_gpu_cosine_only",
      "N": 10000,
      "D": 768,
      "search_k": 96,
      "num_queries": 256,
      "p50_ms": 0.1590321771800518,
      "p99_ms": 0.16867229714989662,
      "mean_ms": 0.17505546202301048,
      "max_ms": 4.498572088778019,
      "episode_cross_modal_hit_rate": 1.0,
      "episode_cross_modal_hit_rate_top15": 1.0
    },
    {
      "method": "faiss_ivf_gpu_cosine_only",
      "N": 10000,
      "D": 768,
      "search_k": 96,
      "nlist": 100,
      "nprobe": 25,
      "num_queries": 256,
      "p50_ms": 0.33485330641269684,
      "p99_ms": 0.4510353319346905,
      "mean_ms": 0.3370753966009943,
      "max_ms": 1.0193223133683205,
      "recall_at_k_vs_flat": 0.9200846354166667,
      "episode_cross_modal_hit_rate": 0.50390625,
      "episode_cross_modal_hit_rate_top15": 0.50390625
    }
  ]
}
